,value,count
0,specimen,2281
1,print,1836
2,photograph,1589
3,spectacles,952
4,album - book,874
5,amulet,767
6,silver gelatin print,497
7,unguentarium,456
8,statue,422
9,probe,370
10,trade card,361
11,Surgery,305
12,Treatments and cures,295
13,Belief and medicine,284
14,flask,280
15,Practising medicine,269
16,pin - fastener,251
17,spectacle case,248
18,oil painting,225
19,portrait,221
20,Medical traditions,210
21,replica,207
22,spatula,184
23,nose spectacles - pince nez,180
24,needle - piercing tool,174
25,Technology and medicine,168
26,forceps,163
27,scoop,139
28,necklace,132
29,sun-glasses,132
30,knife,131
31,ear cleaner,127
32,pendant,121
33,spoon,117
34,amulet case,111
35,cupping vessel,109
36,phallus,108
37,hand spectacles - lorgnette,105
38,photographs,97
39,Diseases and epidemics,92
40,caricature,92
41,machines,91
42,bottle,91
43,component - object,90
44,cautery,86
45,"ethnography, customs and beliefs",86
46,votive foot,81
47,figure - representation,77
48,oculist's seal,77
49,dentistry,75
50,ophthalmology,74
51,artery forceps,73
52,cupping glass,73
53,stamp - mark,72
54,depilatory tweezers,72
55,bleeding bowl,71
56,surgery,70
57,cupping set,69
58,plaque,69
59,ring - jewellery,68
60,Public health,66
61,jar,66
62,War and medicine,64
63,cup,64
64,Diagnosing illness,63
65,votive offering,62
66,Birth and death,61
67,Understanding the body,60
68,dental forceps,60
69,director - surgical instrument,54
70,stylus,54
71,illustration,53
72,therapeutics,53
73,Classical & Medieval Medicine,52
74,hand spectacles,52
75,seal impression,50
76,votive phallus,50
77,tool,50
78,votive head,49
79,comb - grooming tool,49
80,lithotomy staff,49
81,letter - correspondence,48
82,strigil,47
83,surgical instrument set,45
84,The medical marketplace,44
85,instrument,44
86,amputation,44
87,bloodletting,44
88,photogravure,44
89,Assistive technologies,43
90,feeding bottle,43
91,hairpin,42
92,bracelet,42
93,surgical instrument,42
94,Contacting the spirits,42
95,circumcision knife,41
96,bead - pierced object,41
97,jug,40
98,votive uterus,39
99,foot scraper - body rasp,39
100,container - receptacle,38
101,lancets,37
102,votive viscera,36
103,Science and medicine,36
104,retractor,34
105,spectacle frame,33
106,engraving,32
107,arrowhead,32
108,single eyeglass - quizzing,31
109,cigarette card,31
110,sketches,30
111,artefact,30
112,votive eye,30
113,printed ephemera,29
114,lithograph,29
115,enema funnel,29
116,Hospitals,29
117,medal,28
118,cupping horn,28
119,Organised religion,28
120,watercolour,27
121,catheter,27
122,medicine man equipment,27
123,surgical knife,24
124,pince-nez,24
125,case - container,24
126,bowl,24
127,base - object component,23
128,Looking after yourself,23
129,protective spectacles,23
130,amputation saw,23
131,plague,22
132,optometry,22
133,oil lamp,22
134,anaesthetic,22
135,trocar,21
136,votive child,21
137,tooth pulling,21
138,prostheses,21
139,poster,21
140,electrotherapy,20
141,bust,20
142,watercraft,20
143,aquatint,20
144,ear-distender,20
145,nose spectacles - bow,20
146,diabetes,20
147,phial,19
148,votive mother,19
149,classical and medieval medicine,19
150,divination,19
151,hypodermic syringe,19
152,metallurgy,19
153,Physical methods,19
154,printing and writing,19
155,ladle,18
156,gorgets,18
157,tourniquet,18
158,trephine,18
159,abscess knife,18
160,barkcloth beater,18
161,electrostatic machine,18
162,hygiene,18
163,oil painting - visual work,18
164,armlet,17
165,mortar,17
166,votive breast,17
167,"Travel, faith and healing",17
168,weights,17
169,diagram,17
170,belt,16
171,The Black Death and early public health measures,16
172,handle,16
173,horn,16
174,Public Health & Hygiene,16
175,insulin,16
176,mummification,16
177,votive face,16
178,drawing - visual work,16
179,coin,16
180,advertisement,16
181,gynaecology,16
182,contact lens,15
183,Controversies and medicine,15
184,rattle,15
185,astronomy,15
186,model - representation,15
187,Using the senses in medical diagnosis,15
188,watercolors,15
189,figurine,15
190,Transplant surgery,15
191,ophthalmic lens,15
192,antisepsis,15
193,ophthalmic knife,15
194,ophthalmoscope,14
195,trephination,14
196,shard,14
197,abscess lancet,14
198,divination bowl,14
199,circumcision clamp,14
200,doll,14
201,denture,14
202,tonsil guillotine,14
203,chisel,14
204,artwork,14
205,first aid,14
206,votive female figure,14
207,biomedicine,13
208,relief,13
209,horseshoes (animal equipment),13
210,toothache,13
211,water pipe,13
212,mortuary cross,13
213,votive infant,13
214,brooch,13
215,ecraseur,13
216,bone elevator,13
217,chromolithograph,13
218,nose-pin,13
219,printing press,13
220,enema,13
221,drawings,12
222,patron saint,12
223,breast reliever,12
224,hand spectacles - scissor,12
225,surgical saw,12
226,juglet,12
227,pages,12
228,scalpel,12
229,perfume bottle,12
230,cosmetic applicator,12
231,syringe,12
232,shears - cutting tool,11
233,Drugs: ideas and traditions,11
234,fertility,11
235,necklet,11
236,divination-tablet,11
237,funnel,11
238,enema syringe,11
239,bone saw,11
240,earring,11
241,saint,11
242,conjoined twins,11
243,votive figure,11
244,razor,11
245,first aid kit,11
246,blade - tool and equipment component,10
247,bone plate,10
248,tweezers,10
249,Pain and cleanliness,10
250,cholera,10
251,Identity,10
252,suture,10
253,etching,10
254,rheumatism,10
255,Photography,10
256,cannula,10
257,components,10
258,probang,10
259,prints,10
260,fracture,10
261,mezzotint,10
262,fossil,10
263,linecasting machines,10
264,dental key,9
265,toothbrush,9
266,bangle,9
267,ligula,9
268,surgical hook,9
269,inhaler,9
270,box - container,9
271,obstetrics,9
272,Technology transforms diabetes,9
273,curette,9
274,acrylic painting,9
275,souvenir,9
276,bandage,9
277,lithotomy,9
278,bronchitis,9
279,suture needle,9
280,memento mori,9
281,bistoury caché,9
282,Mental health and illness,9
283,pencil - drawing and writing equipment,9
284,axe-head,9
285,Disease and deformity as spectacle and curiosity,9
286,genito-urinary medicine,9
287,medicinal water,9
288,headdress,9
289,phrenology,9
290,tongs,9
291,divination sets,8
292,girdle - belt,8
293,votive hand,8
294,dish - vessel,8
295,polio,8
296,breast feeding,8
297,urethral dilator,8
298,Polio and TB: diseases causing disability in Britain in the 1900s,8
299,cupping,8
300,dental bridge,8
301,oil bottle,8
302,skull,8
303,eel skin,8
304,bag - container,8
305,oil jar,8
306,electrotherapy machine,8
307,urinal,8
308,bell - idiophone,8
309,evil eye,8
310,fractals,8
311,medicine pouch,8
312,toilet accessory,8
313,cinerary urn,8
314,pilgrimage,8
315,pot - container,8
316,indigenious beliefs,8
317,amputation knife,8
318,orthopaedics,7
319,dental instrument set,7
320,cardiac pacemaker,7
321,goa stone,7
322,scissors,7
323,seal - artefact,7
324,scarificator,7
325,instrument case,7
326,The Hippocratic oath,7
327,tobacco pipe,7
328,epidemic,7
329,eye,7
330,kidney dialysis machine,7
331,eye bath,7
332,tongue-depressor,7
333,incubation,7
334,canopic jar,7
335,drill - tool,7
336,quack,7
337,anatomy,7
338,ophthalmic instrument set,7
339,People & Personal Life,7
340,blood transfusion,7
341,Personalities,7
342,fragment,7
343,meteorology,7
344,Medicine in the war zone,7
345,bezoar,7
346,Photography collection,7
347,burns,7
348,effigy,7
349,vaginal speculum,7
350,tubes,7
351,satire,7
352,artificial hip joint,7
353,leech,7
354,aseptic,7
355,sterilisation,6
356,massage,6
357,bone scraper,6
358,anklet,6
359,medicine flask,6
360,teaching aid,6
361,alabastron,6
362,sexually transmitted infection,6
363,After death: What can happen to the body,6
364,hammer - tool,6
365,telescope - refracting,6
366,aeronautics,6
367,Art and anatomy in the European Renaissance,6
368,handbill,6
369,drug jar,6
370,pacemaker,6
371,skull elevator,6
372,dilator,6
373,teething,6
374,hand mirror,6
375,asthma,6
376,splint,6
377,inflammation,6
378,card,6
379,water bottle,6
380,bullet extractor,6
381,pestle,6
382,Traditional African medicine,6
383,cameo,6
384,cataract,6
385,embalming,6
386,votive father,6
387,photograph albums,6
388,smelling salts,6
389,field hospital,6
390,lamp-filler,6
391,cardiology,6
392,raspatory,5
393,foreign body,5
394,academic robe,5
395,statuette - statue,5
396,electrotherapy equipment - component,5
397,needles,5
398,automatic lancet,5
399,kidney failure,5
400,alchemy,5
401,hip replacement,5
402,amphora - storage vessel,5
403,sepulchral slab,5
404,costume,5
405,cast,5
406,carbolic acid,5
407,Academic graduation,5
408,amputation instrument set,5
409,artificial teeth,5
410,obstetrical forceps,5
411,lenticular,5
412,printing plate,5
413,aspirator,5
414,The cosmos and us,5
415,kohl container,5
416,nose spectacles - Nuremberg,5
417,steriliser,5
418,cramp,5
419,pharmacy,5
420,enema equipment,5
421,traditional medicine,5
422,mortality,5
423,artificial eye,5
424,seton needle,5
425,tuberculosis,5
426,circumcision scissors,5
427,resuscitation,5
428,circumcision shield,5
429,pregnancy,5
430,gouge,5
431,Hidden extras: cholera comes to Victorian London,5
432,snuff mortar,5
433,uniform,5
434,circlet,5
435,blindness,5
436,stone,5
437,inhalation,5
438,votive leg,5
439,iron lung,5
440,diorama,5
441,ornament,5
442,animal claw,5
443,ophthalmic instrument,5
444,brush,5
445,mirror - furnishing,5
446,albumen,5
447,incontinence,5
448,massager,5
449,albumen print,5
450,colour blindness test,5
451,women,5
452,diphtheria,5
453,stretcher,4
454,fibula,4
455,galvanism,4
456,syphilis,4
457,tablet - surface,4
458,dissection,4
459,dental elevator,4
460,earthenware,4
461,dentist's chair,4
462,superstition,4
463,foot,4
464,spa,4
465,skull saw,4
466,fly-whisk,4
467,dysentery,4
468,smallpox,4
469,dental burnisher,4
470,eye-shade,4
471,typesetting,4
472,resuscitator,4
473,alembic,4
474,mask,4
475,protection,4
476,Who pays for hospitals?,4
477,lithotomy instrument set,4
478,pandemic,4
479,penicillin,4
480,Reconstructive surgery,4
481,Preventing illness,4
482,Our place in the cosmos,4
483,vessel,4
484,pessary,4
485,Materia Medica & Pharmacology,4
486,touchpiece,4
487,pot lid,4
488,tumour,4
489,medicine chest,4
490,ceremonial staff,4
491,ampoule,4
492,newspaper cutting,4
493,votive animal figure,4
494,votive arm,4
495,axe - tool,4
496,uterus,4
497,mummy,4
498,operating table,4
499,base ring - container component,4
500,basket,4
501,votive bladder,4
502,mouth gag,4
503,beer strainer,4
504,antiseptic,4
505,votive deity,4
506,optical instruments,4
507,cautery shield,4
508,larynx,4
509,physiotherapy,4
510,terrestrial telescope,4
511,injection pen,4
512,Diagnostic tests,4
513,Becoming a doctor,4
514,comedy,4
515,hypoglycaemic,4
516,plastic surgery,4
517,humours,4
518,hook - fastener,4
519,clapper - percussion beater,4
520,tenaculum,4
521,shop sign,4
522,cosmetic container,4
523,heresy,4
524,platen press,4
525,cranial crochet,4
526,head,4
527,Childbirth and medicine,4
528,timers,4
529,clamp,4
530,circumcision,4
531,sculpture,4
532,charm - spell,4
533,tooth,4
534,tonsillectomy,4
535,Dentistry,4
536,insulin infusion pump,4
537,chloroform,4
538,insulin delivery device,4
539,punch cutter,4
540,circumcision equipment,4
541,printing presses,3
542,feeding cup,3
543,pomander,3
544,printing sleeve,3
545,fits,3
546,fever,3
547,open heart surgery,3
548,palette - cosmetic,3
549,portraits,3
550,ophthalmic hook,3
551,ophthalmic forceps,3
552,pens,3
553,opium,3
554,oxygen therapy,3
555,flint nodule,3
556,pathology,3
557,skin grafting,3
558,notice,3
559,gastro-intestinal surgery,3
560,safety pin,3
561,ligature,3
562,sample,3
563,sandals,3
564,leech jar,3
565,glass technology,3
566,lamp - light bulb,3
567,scarification equipment,3
568,keyboard,3
569,jugum penis,3
570,gonorrhoea,3
571,gorget,3
572,gout,3
573,infertility,3
574,incense burner,3
575,hysteria,3
576,sheet music cover,3
577,heart-lung machine,3
578,hat,3
579,rugine,3
580,lithotrite,3
581,pyxis,3
582,liver,3
583,neurosurgery,3
584,neuralgia,3
585,rabies,3
586,rectal speculum,3
587,moxa,3
588,fountain-head,3
589,refractometer,3
590,relief print,3
591,mental health,3
592,medicine spoon,3
593,sketching,3
594,medicine man costume,3
595,fuse holder,3
596,materia medica,3
597,gas gangrene,3
598,malaria,3
599,rim,3
600,eye-dropper,3
601,local anaesthetic,3
602,lorgnettes,3
603,stirrer,3
604,tonsils,3
605,Exploring the cosmos,3
606,divination board,3
607,book,3
608,divination-bone,3
609,bone forceps,3
610,wick holder,3
611,vibrator,3
612,Goa,3
613,terra sigillata,3
614,votive male figure,3
615,ear piercer,3
616,carte-de-visite,3
617,Physics & Chemistry,3
618,typewriter,3
619,toothpick,3
620,stopper - container component,3
621,black-and-white print - photograph,3
622,Daily Herald collection,3
623,toothpaste pot,3
624,carbolic spray,3
625,brain,3
626,bread,3
627,votive food,3
628,button,3
629,votive ear,3
630,Photographic Technology collection,3
631,antler pick,3
632,telescope - Galilean,3
633,treadle drill,3
634,apothecary,3
635,death mask,3
636,bubonic plague,3
637,Medicine,3
638,dental drill,3
639,bubo,3
640,antibiotic,3
641,tonsil forceps,3
642,telescope - reflecting,3
643,Snellen test types,3
644,surgical scissors,3
645,ultraviolet radiation,3
646,blood glucose meter,3
647,elective surgery,3
648,stencil,3
649,War’s long-term effects,3
650,astrology,3
651,steelyard,3
652,ventilator,3
653,electrodes,3
654,tickets,3
655,uroscopy,3
656,abdomen,3
657,charm,3
658,childbirth,3
659,vaccination,3
660,exercise chair,3
661,stakes (tools),3
662,clinical diagnosis,3
663,tongue scraper,3
664,enema tube,3
665,epilepsy,3
666,transplant,3
667,tooth powder,3
668,Using the dead,3
669,saline,2
670,anthropomorphic,2
671,ceremonial sword,2
672,jacket,2
673,leprosy,2
674,trade,2
675,spout - container component,2
676,chewing stick,2
677,tooth shade guide,2
678,cauterise,2
679,ovariotomy,2
680,scarification,2
681,calotype process,2
682,admission ticket,2
683,intubation set,2
684,transcranial magnetic stimulator,2
685,votive tongue,2
686,intubation,2
687,intraocular lens,2
688,knee replacement,2
689,self-injector,2
690,anatomical model,2
691,toxin,2
692,optician,2
693,scraper,2
694,optical puzzle,2
695,chamber pot,2
696,acupuncture,2
697,chain - object genre,2
698,scalp,2
699,scales - weighing device,2
700,optometer,2
701,votive hair,2
702,card game - game set,2
703,anaemia,2
704,label,2
705,prolapse,2
706,saw,2
707,trachea,2
708,character doll,2
709,jars,2
710,charity,2
711,key - hardware,2
712,votive finger,2
713,anastomosis,2
714,cap - headgear,2
715,eye phantom,2
716,bumper sticker,2
717,aspirating needle,2
718,morphine,2
719,reed pens,2
720,mole foot,2
721,nose ring,2
722,betel-nut cutter,2
723,astigmatism,2
724,unguent,2
725,lithotome,2
726,midwifery,2
727,asphyxia,2
728,microsurgery,2
729,microscope,2
730,ultraviolet lamps,2
731,ultraviolet lamp,2
732,nitrous oxide,2
733,urine director,2
734,mould,2
735,mourning,2
736,bath,2
737,uterine dilator,2
738,asylum,2
739,baptism,2
740,uvula forceps,2
741,music,2
742,nail,2
743,rasp,2
744,narcotic,2
745,natural dye,2
746,natural phenomena,2
747,badge,2
748,nerve stimulation,2
749,vertebrae,2
750,ulcer,2
751,nursing,2
752,arthritis,2
753,tray,2
754,bulb,2
755,apron,2
756,ointment pot,2
757,trephination set,2
758,ring - object genre,2
759,long-sightedness,2
760,arnica,2
761,truss,2
762,magnifying glass,2
763,tube,2
764,rigor mortis,2
765,volvelle,2
766,manofica,2
767,articulated,2
768,typhus,2
769,booklet,2
770,massaging device,2
771,retinal detachment,2
772,bone-chisel,2
773,twins,2
774,measuring cylinder,2
775,mechanical leech,2
776,medical education,2
777,reproduction,2
778,bone,2
779,bodkin - hairpin,2
780,medicine man,2
781,obstetrical  hooks,2
782,blood transfusion apparatus,2
783,bronchitis kettle,2
784,clamps,2
785,tongue écraseur,2
786,drain cover,2
787,divination object,2
788,genetic diseases,2
789,gauges,2
790,Humours,2
791,prayer board,2
792,garter,2
793,Finsen lamp,2
794,"diseases of the ear, nose and throat",2
795,pilgrim flask,2
796,funerary object,2
797,fundraising,2
798,fumigator,2
799,pillow,2
800,frieze - decorative element,2
801,slate - writing,2
802,goblet,2
803,Ophthalmology,2
804,haemodialyser,2
805,tap - water,2
806,dagger - weapon,2
807,defibrillator,2
808,Measurement,2
809,haemorrhoids,2
810,dental instrument,2
811,dental pelican,2
812,goggles,2
813,guild,2
814,dental unit,2
815,grave goods,2
816,photograph album,2
817,gourd,2
818,dip pen,2
819,solar eclipse,2
820,Defining Ourselves,2
821,song,2
822,pneumothorax apparatus,2
823,ether,2
824,ethnography; customs and beliefs,2
825,fetish figure,2
826,fertility rites,2
827,x-ray photograph,2
828,femur,2
829,porringer,2
830,ear,2
831,feeding,2
832,feather - material,2
833,fan - costume accessory,2
834,spittoon,2
835,yatate,2
836,face mask,2
837,stand - support furniture,2
838,field medical pannier,2
839,plaster cast,2
840,spindle whorl,2
841,plaster case,2
842,engraving machine,2
843,writing machine,2
844,Biology & Biotechnology,2
845,embroidery,2
846,fleam,2
847,wound tag,2
848,stenosis,2
849,stereoscope,2
850,stereoscope picture,2
851,spanner,2
852,stereotaxic apparatus,2
853,postage stamp,2
854,"Obstetrics, Gynaecology & Contraception",2
855,vaporiser,2
856,cryosurgical equipment,2
857,commemorative,2
858,composing machine,2
859,hypodermic needle,2
860,sheet music,2
861,hyperbaric bed,2
862,printing cylinder,2
863,hydraulic dental chair,2
864,paralysis,2
865,human remains,2
866,shell - animal material,2
867,warts,2
868,hospital,2
869,shooting spectacles,2
870,corbel,2
871,cornea,2
872,holders,2
873,Visualising the body,2
874,hysterectomy,2
875,pen - drawing and writing,2
876,Voltaic pile,2
877,serrenoeud,2
878,circumcision tweezers,2
879,negative - photographic,2
880,oxygen injection apparatus,2
881,clitoridectomy knife,2
882,oxygen tent,2
883,acetabulum,2
884,infusion,2
885,Yasargil clip,2
886,World War One,2
887,Women in medicine,2
888,Women and psychiatry,2
889,colour lithograph,2
890,idol,2
891,shears,2
892,short-sightedness,2
893,peepshow,2
894,hazelnut,2
895,Social & Economic Life,2
896,single eyeglass - monocle,2
897,single eyeglass,2
898,Reconstructing soldiers,2
899,high frequency apparatus,2
900,craniotomy,2
901,court plaster,2
902,headache,2
903,sign,2
904,head - representation,2
905,sight testing apparatus,2
906,skeleton,2
907,printer,2
908,perimeter,2
909,penance,2
910,crucifix,2
911,counter-irritant,2
912,"The fault of others: exiles, scapegoats and the human face of disease",2
913,votive torso,1
914,quinine,1
915,watercolor,1
916,profound hypothermia unit,1
917,vein,1
918,x-ray machine,1
919,prognosticator,1
920,public notice,1
921,quartz crystal,1
922,pulmonary tuberculosis,1
923,venereal disease,1
924,vulcanisation,1
925,wet collodion,1
926,prosthetics (functional aids),1
927,whetstone,1
928,premature birth,1
929,vivisection,1
930,printing block,1
931,whip,1
932,vinaigrette,1
933,punch - marking tool,1
934,wood - plant material,1
935,woodcut - print,1
936,vibrating stool,1
937,psychiatric hospital,1
938,weapon,1
939,press - mechanical,1
940,pricking instrument,1
941,postcard,1
942,walking stick,1
943,votive ovary,1
944,psychological test,1
945,post mortem,1
946,pustule,1
947,whooping cough,1
948,pump - machinery,1
949,whistle,1
950,votive tooth,1
951,ventricular-assist device,1
952,wristlet,1
953,vomit bowl,1
954,saline solution,1
955,varicose veins,1
956,sign - promotional or advertising artefact,1
957,skull cap,1
958,skull - representation,1
959,tablet,1
960,skin grafting scissors,1
961,tar,1
962,tattoo instrument,1
963,skiascope,1
964,skewer,1
965,telecommunications,1
966,teleprinter,1
967,telescope,1
968,sketchbooks,1
969,sketch,1
970,telescope - Newtonian,1
971,sight developing apparatus,1
972,ticket,1
973,shrapnel,1
974,shovel,1
975,template - shaping tool,1
976,terminal illness,1
977,shield boss,1
978,tessera - mosaic component,1
979,tetanus,1
980,therapeutic device,1
981,sheaths,1
982,thermometer,1
983,thimble,1
984,shaving bowl,1
985,three-colour carbro print,1
986,thumb,1
987,sword,1
988,suturing machine,1
989,surgical shears,1
990,skyphos,1
991,sprinkler flask,1
992,spirit sticks,1
993,spirit lamp,1
994,stamp,1
995,spine,1
996,steatopygia,1
997,speculum,1
998,stele,1
999,stencil cutter,1
1000,specimen jar,1
1001,stencil support mesh,1
1002,stereotype,1
1003,stipple engraving,1
1004,poison cup,1
1005,stomach,1
1006,stomach pump,1
1007,storage jar,1
1008,snuff box,1
1009,storage vase,1
1010,strainer - culinary tool,1
1011,snow goggles,1
1012,snow blindness,1
1013,snake vertebrae,1
1014,smoking,1
1015,stretcher carrier,1
1016,strychnine,1
1017,surgical bobbin,1
1018,slit lamp,1
1019,surgical dressing,1
1020,tic douloureux,1
1021,tie pin,1
1022,rachet,1
1023,reliquary,1
1024,ringworm,1
1025,ring handle,1
1026,trial lens frame,1
1027,trial lenses,1
1028,ribbon,1
1029,rhinoplasty,1
1030,tube tranchant,1
1031,rheumatic fever,1
1032,tusk,1
1033,respiratory disease,1
1034,respirator,1
1035,type,1
1036,type composing stick,1
1037,type gauge,1
1038,ultrasound,1
1039,tin,1
1040,rehabilitative therapy,1
1041,refrigeration,1
1042,refractor head,1
1043,refractometry,1
1044,uraeus,1
1045,reflexology,1
1046,urethral irrigator,1
1047,urinary infection,1
1048,rectum,1
1049,uterine elevator,1
1050,record - document,1
1051,uterine syringe,1
1052,valve,1
1053,valvulotome,1
1054,rod - object genre,1
1055,rosary,1
1056,trench foot,1
1057,sacrament dispenser,1
1058,shaft - tool component,1
1059,tireford,1
1060,tobacco pouch,1
1061,seton clamp,1
1062,tonsil knife,1
1063,selenium,1
1064,sedative,1
1065,scrotum,1
1066,tooth cavity,1
1067,scrofula,1
1068,sciatica,1
1069,toothbrush set,1
1070,toothpaste,1
1071,toothpick case,1
1072,scarab - sculpture,1
1073,scapular,1
1074,touchstone,1
1075,tourniquets,1
1076,toy - recreational artefact,1
1077,scale - rule,1
1078,saws,1
1079,sarcophagus,1
1080,sanitary reform,1
1081,tracheotomy,1
1082,sandglass,1
1083,tracheotomy set,1
1084,traction table,1
1085,salt print,1
1086,transistor,1
1087,16 mm film,1
1088,impotence,1
1089,poison,1
1090,choler,1
1091,catalogue,1
1092,catgut,1
1093,ceramic tile,1
1094,ceremonial knife,1
1095,cervix,1
1096,chalice - cup,1
1097,chart - graphic document,1
1098,chilblains,1
1099,childcare,1
1100,chimera,1
1101,chisels,1
1102,chopping-board,1
1103,case,1
1104,chopsticks,1
1105,cigarette cards,1
1106,cippus,1
1107,clasp - fastener,1
1108,clip - fastener,1
1109,clitoridectomy,1
1110,cloak,1
1111,cloth,1
1112,clothes-rack,1
1113,club foot,1
1114,cocaine,1
1115,cat,1
1116,carving tool,1
1117,brick - clay product,1
1118,calculus stone extractor,1
1119,bronchoscope,1
1120,broom - maintenance tool,1
1121,brushes,1
1122,buckle - strap accessory,1
1123,bulb - plant,1
1124,bulldog clip,1
1125,bullet,1
1126,cabinet,1
1127,cable,1
1128,cables,1
1129,calculus - concretion,1
1130,camera,1
1131,carving,1
1132,camwood - plant material,1
1133,cancer,1
1134,caparison,1
1135,capital punishment,1
1136,cardiac pacemaker testers,1
1137,cardiospasm dilator,1
1138,cardiovascular,1
1139,cards,1
1140,carotte,1
1141,carton,1
1142,cartridge case,1
1143,coconut,1
1144,cod-piece,1
1145,coffee-pot,1
1146,disinfection,1
1147,dental plaque,1
1148,denture articulator,1
1149,dermatome,1
1150,designs,1
1151,diagrams,1
1152,diathermy set,1
1153,dilation,1
1154,diseases of affluence,1
1155,diseases of old age,1
1156,disinfectant,1
1157,disinfectant bottle,1
1158,dispenser,1
1159,coin purse,1
1160,divination-staff,1
1161,divining mirror,1
1162,dog collar,1
1163,donkey engine,1
1164,donor card,1
1165,door bolt,1
1166,douche,1
1167,drain,1
1168,drawing (image-making),1
1169,dressing case,1
1170,dressings,1
1171,dental impression tray,1
1172,dental descaler set,1
1173,deformity,1
1174,cyst,1
1175,collecting box,1
1176,comedo extractor,1
1177,commemorative plaque,1
1178,compendium instrument,1
1179,composing sticks,1
1180,computer component,1
1181,contraception,1
1182,convulsion,1
1183,cool box,1
1184,copy - derivative object,1
1185,core stone,1
1186,cosmetics,1
1187,cover - closure,1
1188,cow-bell,1
1189,cramp ring,1
1190,cremation,1
1191,crocodile,1
1192,crown of thorns,1
1193,crucible,1
1194,cryosurgery,1
1195,curling tong,1
1196,cylinder seal,1
1197,cylix,1
1198,broadsheet - notice,1
1199,breastplate - body armour,1
1200,points,1
1201,amulets,1
1202,actinotherapy,1
1203,acupuncture needle,1
1204,agate - chalcedony,1
1205,albarello,1
1206,albumen prints,1
1207,alms bowl,1
1208,amblyoscope,1
1209,ammeter - moving coil,1
1210,ammoniaphone,1
1211,amphibian remains,1
1212,ampulla,1
1213,amusement arcade machine,1
1214,academic gown hood,1
1215,anaesthetic syringe,1
1216,analytical balance,1
1217,anamorphic picture,1
1218,anamorphosis,1
1219,anastomosis button,1
1220,anatomical figure,1
1221,aneurysm,1
1222,anti-semitic,1
1223,antibody,1
1224,antigen,1
1225,antimony cup,1
1226,achondroplaisa,1
1227,abscess,1
1228,breast pump,1
1229,Making medicines,1
1230,<identifying card>,1
1231,Animals,1
1232,Aryan,1
1233,Ayurveda,1
1234,Black Death,1
1235,Daguerreotype,1
1236,Domestic Life & Household Management,1
1237,Esmarch bandage,1
1238,Fuel & Power,1
1239,Hand & Machine Tools,1
1240,Leyden jar,1
1241,Malaria: the persistence of disease,1
1242,Unani Tibb,1
1243,"Medical practice, ethics and belief",1
1244,Medicine in China today,1
1245,Medicine in India today,1
1246,Mental institutions,1
1247,Mesmerism,1
1248,Nursing and Hospital Care,1
1249,Ottoman empire,1
1250,Pott's disease,1
1251,Royalty,1
1252,Smallpox: inoculation and vaccination,1
1253,Traditional Chinese Medicine,1
1254,antique firearm,1
1255,antiseptic machine,1
1256,aquatints,1
1257,blistering,1
1258,benign,1
1259,bicycle chain,1
1260,bifocals,1
1261,bill-head,1
1262,binoculars,1
1263,biopsy,1
1264,biopsy needle,1
1265,bird,1
1266,birth cannon,1
1267,black-and-white photograph,1
1268,bladder,1
1269,blood (animal material),1
1270,arm,1
1271,blood donation,1
1272,blood-grouping tile,1
1273,board,1
1274,body piercing object,1
1275,bone graft,1
1276,boot,1
1277,boric lint,1
1278,bow drill,1
1279,bracket - hardware,1
1280,bradawl,1
1281,breast form,1
1282,bed cycle,1
1283,beamscale,1
1284,battery,1
1285,bas-relief,1
1286,armrest,1
1287,arrow forceps,1
1288,artery,1
1289,artificial acetabular cup,1
1290,artificial arm,1
1291,artificial heart,1
1292,artificial heart valve,1
1293,artificial leg,1
1294,astrolabe,1
1295,astronomical chart,1
1296,atomizer,1
1297,autoclave,1
1298,awl,1
1299,baby carrier,1
1300,back scratcher,1
1301,bacteria,1
1302,baldness,1
1303,ball-point pens,1
1304,bandage applicator,1
1305,bandolier bag,1
1306,barber's chair,1
1307,barber-surgeon,1
1308,barrel - container,1
1309,dried frog,1
1310,drill bit - tool component,1
1311,drinking horn,1
1312,medical alert card,1
1313,lumbago,1
1314,malingering,1
1315,mandrake root,1
1316,manikin,1
1317,manuals,1
1318,manuscript - document genre,1
1319,maps,1
1320,mastectomy,1
1321,mauls,1
1322,measure - volume,1
1323,measurement,1
1324,medical jurisprudence,1
1325,log book,1
1326,medicine measure,1
1327,memorial head,1
1328,metallic arc,1
1329,micro-organism,1
1330,microscopy,1
1331,midwife,1
1332,mirrors,1
1333,miscarriage,1
1334,mitral valve,1
1335,models (representations),1
1336,monitors (data processing equipment),1
1337,lug - knob,1
1338,lodestone,1
1339,drinking vessel,1
1340,leech cage,1
1341,kyphosis,1
1342,laminaria tent,1
1343,laminaria tent introducer,1
1344,lance,1
1345,lantern - lighting device,1
1346,laryngeal syringe,1
1347,laryngoscope,1
1348,lathe - machine,1
1349,laxative,1
1350,leaflet,1
1351,leech box,1
1352,leech tube,1
1353,liver retractor,1
1354,leg,1
1355,lens,1
1356,leper clapper,1
1357,letterpress printing,1
1358,libation table,1
1359,light bath,1
1360,linecasting,1
1361,lithographs,1
1362,lithotomy crutch,1
1363,lithotrity,1
1364,lithotrity instrument set,1
1365,mortar board,1
1366,moxibustion,1
1367,mummified human body,1
1368,phrenological head,1
1369,painting - visual work,1
1370,pamphlet,1
1371,pancreas,1
1372,pannier,1
1373,papyrus,1
1374,penicillin machine,1
1375,percussion,1
1376,periosteotomy,1
1377,perpetual calendar,1
1378,personal weigher,1
1379,phototherapy,1
1380,physical training,1
1381,munitions,1
1382,physician,1
1383,physiognomy,1
1384,physiology,1
1385,pill cutter,1
1386,pillar,1
1387,pipette,1
1388,placenta,1
1389,placenta bowl,1
1390,plasma,1
1391,plaster,1
1392,podiatry,1
1393,packet,1
1394,oxygeno-therapy,1
1395,oxygen absorption machine,1
1396,oxydonor,1
1397,muscular dystrophy,1
1398,myoma screw,1
1399,name plate,1
1400,needle case,1
1401,needle holder,1
1402,nervous diseases,1
1403,nicotine,1
1404,nkisi,1
1405,nocturnal,1
1406,nosebleed,1
1407,nystagus drum,1
1408,obstetrical examination table,1
1409,oesophagus,1
1410,ointment case,1
1411,ointment slab,1
1412,ophthalmic tonometer,1
1413,optical toy,1
1414,optics,1
1415,orthopaedic saw,1
1416,orthoptoscope,1
1417,oscillograph,1
1418,ovarian surgery,1
1419,ovum forceps,1
1420,krater,1
1421,knife grinder,1
1422,keys (hardware),1
1423,foetus,1
1424,feeding funnel,1
1425,feeding tube,1
1426,fibroid,1
1427,file - tool,1
1428,finial,1
1429,first field dressing,1
1430,fistula,1
1431,flail - weapon,1
1432,flint,1
1433,flong,1
1434,floppy disk,1
1435,folding bellows camera,1
1436,germ theory,1
1437,form - document,1
1438,fountain pen,1
1439,frame - furnishing,1
1440,fruit,1
1441,fungus - plant material,1
1442,gallstone,1
1443,gallstone forceps,1
1444,galvanocautery instrument,1
1445,gas cylinder,1
1446,gas mask,1
1447,gauze,1
1448,falcon,1
1449,face phantom,1
1450,eyeglass,1
1451,eye massager,1
1452,drug,1
1453,dwarfism,1
1454,ear cap,1
1455,egg stand,1
1456,elder twig,1
1457,electromagnet,1
1458,electromagnetic induction,1
1459,electrophysiology,1
1460,elephantiasis,1
1461,elephantiatis,1
1462,elevators,1
1463,emetic,1
1464,endotracheal tube,1
1465,engine - power producing equipment,1
1466,epilation,1
1467,equipment,1
1468,ergotism,1
1469,essence box,1
1470,etchings,1
1471,ether spray,1
1472,exercise aid,1
1473,exercise club,1
1474,extensometer,1
1475,germ,1
1476,goitre,1
1477,keyring,1
1478,insufflator,1
1479,hospital ward,1
1480,hunting trousse,1
1481,hyperbaric organ storage unit,1
1482,hyperglycaemic,1
1483,hypothermia,1
1484,hysterotome,1
1485,<cooking tool and equipment>,1
1486,incubator,1
1487,infusion apparatus,1
1488,installation - visual work,1
1489,instrument component,1
1490,insulating table,1
1491,growth hormone,1
1492,insulin inhaler,1
1493,intra-aortic balloon pump,1
1494,iodine,1
1495,iodine treatment apparatus,1
1496,iris root,1
1497,janus flask,1
1498,jaw-bone,1
1499,jewellery,1
1500,kachina doll,1
1501,kantharos,1
1502,kettle - vessel,1
1503,hospital bed,1
1504,hormone,1
1505,hoof,1
1506,holder - container,1
1507,haemorrhage,1
1508,haemostasis,1
1509,hair ornament,1
1510,half model,1
1511,hand,1
1512,hand tools,1
1513,hand-warmer,1
1514,handcuffs,1
1515,hanger,1
1516,hatband,1
1517,headrest,1
1518,health,1
1519,health and safety,1
1520,hearing aid,1
1521,hearing trumpet,1
1522,heart surgery,1
1523,heat exchangers,1
1524,heating systems,1
1525,helmet,1
1526,hepatoscopy,1
1527,herbal medicine,1
1528,hereditary,1
1529,hernia,1
1530,yellow fever,1
